path,id,receipt
error-icon.svg,s_5tfZKsNsY_xxQDUXEuOGPpvVQ9do3rVPx4aMTMZLE,"{""id"":""s_5tfZKsNsY_xxQDUXEuOGPpvVQ9do3rVPx4aMTMZLE"",""block"":1320367,""deadlineHeight"":1320367,""public"":""pGFsvdSB9sxbwU5L4HD2v12DK40kzZ5N69s6WlI3Uw9pFdHMHei3n1Tv4jvZqU9yeIMGsS60MQRvfJK1AEoNYsQqk4Rciajw0_IemZdwlt4u4voDALRalrQ3NV4knOlHRY11anqV0fNhikWCsiRPukIRZrdcFfqzFr0boH8bou7DgESNvWxROOxSC149oKxJ06FQsBDaIeElBsR8qTddybvXqMagXCM9y_HNrtAoz_8LgPjQtK5LFEbXhh9PyI_GOuoHyzJUc9Sm-V9kCB4kTm-SHrPbETQnvejZBcqEHxNcDNWBv6CWjj3-0V3dFMhjM1cy14d0Lm4j0IyRLm9bHM3s0ssVDd20gjWyar-D0o6guJIrteEC7UGR-w1yvXoGuIwdfZeoSAZ_CU9FrOJfQCTDs2aLgdCNeYKXg0Rt8YZL_elZnG7utCkO78TwxbGqear_I-1dlO39CUlo13YSS6pPonioWqkzXcXh93G7BYjgUxcPJ31kLyr2wBRA4OObAYRvh-5V3TkULlmwR4Q0pV3cUeOLI94b4WhaDZDI_RIJiCXQvtGy190NqTBeVogPrrAXLFkK0E013GByHrmzZoELfSUorjK-bDk4wXxdbVqzY7KXP-NEt3Bu-woinbUf56i3DXLrYlwINYK39VUydGpcQLZ5EDCL4u_IL_iFPt0"",""signature"":""QAAkuyQqfnRXU4JcN7abGMSRc0X1djGiBUr-D4HLvflRxfzWpJ4zyyR92r0dK7OmXdBed__ub8ZwfA3BISKl8Uzd3H2WF8UV5f5VYoZfPhPg54ytC9soU8diisjUwwzNZFh-sqzqq10tWDTkeFCtmuAZrQJGRgCo45TnwbbexZ7jPvEyIGu4UJfDkOU6vcNnr49N_Z3oChlX_ugpmN47iKyJ41xED58XtIm2gtjJ_iqLA63s5DUYt-avjEl4IEKgf9E7vvPeqVfhbij9flN_kpbPryMSfNIeVOXtgtfAGGM9CKwo9y08z5IvEbnf0nTKS9QzyRQDAn6ZhtuZdRZEPU1_IkRB9k4yZWVmEHzjdsF8z6bBONTLyzrTBF2A2BGqdnTHaqRDbUDZTCWV5i7Sz2vgj_KAV-kg-3G2_0NVqhBknuRHMqikB3cXBjheC5fuabzRHoYN6tv2afN_gSeYdgJaAMDwBfdLip0-k-PYDdLPfPFZDrRid0cD-ufmnyQ0GvBo7RO9vrEE96xxbX8Q8_Rt-zdxqi3jtIVkUYOMV6rZgButAkr4vQb0BeeAs99AA8OFLOpJKa4BIWMViWWDdHtaPw3c4lLa51DT1BfWbc4chfvjiaGQd7-hIbzUw0bYSGMbJcF2xYoEfFALlUlyk5gLMReG4G-kwMu8NGZN1IA"",""timestamp"":1701796369292,""validatorSignatures"":[],""version"":""1.0.0""}"
triangle.svg,xb6Dyh6cizcjKSjmosrB6Tf0bkXnRF2FIgMVao1YF0U,"{""id"":""xb6Dyh6cizcjKSjmosrB6Tf0bkXnRF2FIgMVao1YF0U"",""block"":1320367,""deadlineHeight"":1320367,""public"":""pGFsvdSB9sxbwU5L4HD2v12DK40kzZ5N69s6WlI3Uw9pFdHMHei3n1Tv4jvZqU9yeIMGsS60MQRvfJK1AEoNYsQqk4Rciajw0_IemZdwlt4u4voDALRalrQ3NV4knOlHRY11anqV0fNhikWCsiRPukIRZrdcFfqzFr0boH8bou7DgESNvWxROOxSC149oKxJ06FQsBDaIeElBsR8qTddybvXqMagXCM9y_HNrtAoz_8LgPjQtK5LFEbXhh9PyI_GOuoHyzJUc9Sm-V9kCB4kTm-SHrPbETQnvejZBcqEHxNcDNWBv6CWjj3-0V3dFMhjM1cy14d0Lm4j0IyRLm9bHM3s0ssVDd20gjWyar-D0o6guJIrteEC7UGR-w1yvXoGuIwdfZeoSAZ_CU9FrOJfQCTDs2aLgdCNeYKXg0Rt8YZL_elZnG7utCkO78TwxbGqear_I-1dlO39CUlo13YSS6pPonioWqkzXcXh93G7BYjgUxcPJ31kLyr2wBRA4OObAYRvh-5V3TkULlmwR4Q0pV3cUeOLI94b4WhaDZDI_RIJiCXQvtGy190NqTBeVogPrrAXLFkK0E013GByHrmzZoELfSUorjK-bDk4wXxdbVqzY7KXP-NEt3Bu-woinbUf56i3DXLrYlwINYK39VUydGpcQLZ5EDCL4u_IL_iFPt0"",""signature"":""DrtsWlF7qDy3RLxmAAThFJtP9Qo5nKydDFOL0yvBWNuPIIKbLSw3naceYEC40T8aceqilvPUvHZhfO_5Pqy5fD7ZJXMrnL4l_zg2-I5rLyYmxxc9gCp2B6ltDPhlAV4X8YbSeEos-mdgg5aHaQCGW6igBMnt04S0I4POQfnzVyYsGyS6DzN5Qhf_nLlE6CsswhWxhIkOXnmpd4pArWJ7rj_5FiYSmfysFokWHpAXmaxdk1DJILW8uq6LMH8PqF9Te_9vuowJwpw9DwaliJL3dsgd0GyRHZXa4-xa3Sr-OVe2hoAt9W9bYDSKdjm51vG4cQs9IUASH7jELwYfxhonxD12mFIEJ_bnsJAl67cesOvSBqJvhRpQnJhpmhsFhlXaTyFCzEa8v0-HY0vULRgP7GlNOThp5GYh0mM3yfbvGB-aimie3glbXo1arNIbdUslU57Esznpe8V-JFIUOpJeKAOGHpb7_px0biypIe1M2RsF3pXLwMJXA_LT9XZ0B07MSoGlW-5cLDVB9Wfd62revcRwESB9Xtsq6i9pj78p_3YyaxhWC37EbCeVIpYlA7pWF5QhIeJU9r3m6ndDPCE5K4aP8g7ujN_E7iZgi5KmeWNapvkbQs87m_CLkQoAhYWjozODqlT1xqJMIrgbEfs9Fvh4fTU9hTH-TqqkBJ-5wNs"",""timestamp"":1701796369299,""validatorSignatures"":[],""version"":""1.0.0""}"
Outline.svg,Hdb-wvgORvIHUIUo_dw-jRviAbBxbvI6bEfzE3kd0yI,"{""id"":""Hdb-wvgORvIHUIUo_dw-jRviAbBxbvI6bEfzE3kd0yI"",""block"":1320367,""deadlineHeight"":1320367,""public"":""pGFsvdSB9sxbwU5L4HD2v12DK40kzZ5N69s6WlI3Uw9pFdHMHei3n1Tv4jvZqU9yeIMGsS60MQRvfJK1AEoNYsQqk4Rciajw0_IemZdwlt4u4voDALRalrQ3NV4knOlHRY11anqV0fNhikWCsiRPukIRZrdcFfqzFr0boH8bou7DgESNvWxROOxSC149oKxJ06FQsBDaIeElBsR8qTddybvXqMagXCM9y_HNrtAoz_8LgPjQtK5LFEbXhh9PyI_GOuoHyzJUc9Sm-V9kCB4kTm-SHrPbETQnvejZBcqEHxNcDNWBv6CWjj3-0V3dFMhjM1cy14d0Lm4j0IyRLm9bHM3s0ssVDd20gjWyar-D0o6guJIrteEC7UGR-w1yvXoGuIwdfZeoSAZ_CU9FrOJfQCTDs2aLgdCNeYKXg0Rt8YZL_elZnG7utCkO78TwxbGqear_I-1dlO39CUlo13YSS6pPonioWqkzXcXh93G7BYjgUxcPJ31kLyr2wBRA4OObAYRvh-5V3TkULlmwR4Q0pV3cUeOLI94b4WhaDZDI_RIJiCXQvtGy190NqTBeVogPrrAXLFkK0E013GByHrmzZoELfSUorjK-bDk4wXxdbVqzY7KXP-NEt3Bu-woinbUf56i3DXLrYlwINYK39VUydGpcQLZ5EDCL4u_IL_iFPt0"",""signature"":""ndTxLg1XR-LOlAT3aLkJ_omU5aYIjStb6W2dspkubAeJ8F5eLqLt0OsdQGlA3pVl5xUNYbHHjIc-VghxJbWPKAHJ1jg_lQE5eHJ7biGhGt1BN5iD3el6hl5Oru2697wvX05GPDMKFG2wuypbCEzz1mebPC7U5Gh_wZd7i9L-mFJ0FTRMLTbosp5BnG6CS2Po-tjqzfJcQFvQA8K-BGSUW7eKdoJMhxJ7xlkGzI47_70k2mMtvg2VahlfA4bbiKqwT5aV6DfE4oZjkh2KksQ1saesbsQ7l5Bdnk68BnDT6N6lCzY2AvHROSPMaHj_QanOvxvVXC0VVYUFjlXLs_UUpSgKdAK21B6q-M23JTxwiF1D_ZrCsZ_EGISfnDjHEq53SSwkShc9r_CVZynXr5hJ3yJgOyRHyENyIe7o0Hu0P5OfydvEsvuvNMZOFpSyS0A76fmE_Txnjt9zhjMr_4AZry_0KmWFFvVLlEm9uVyhv0kiL551NokkJEDZTJB024qOt8qQts67Q-o1hx_PiSRnOw0WD128EfZUKXlDJbEgazsuI7f3_h55Bm8Z6xeeKTQlEeVphjupy2fHldrYOvN6toZxsJH4Yr0DKovrVU19gG_3At6hKnM4mSkEl5omVM8UWp78g4t36sc57zsQ2GRfZAur90p-H2cyTvsrC2KWLvQ"",""timestamp"":1701796369315,""validatorSignatures"":[],""version"":""1.0.0""}"
fair-protocol-logo.svg,Eqz_bronuBraTahMqpDBBXtg41RDmPCrp58k0RHEnAY,"{""id"":""Eqz_bronuBraTahMqpDBBXtg41RDmPCrp58k0RHEnAY"",""block"":1320367,""deadlineHeight"":1320367,""public"":""pGFsvdSB9sxbwU5L4HD2v12DK40kzZ5N69s6WlI3Uw9pFdHMHei3n1Tv4jvZqU9yeIMGsS60MQRvfJK1AEoNYsQqk4Rciajw0_IemZdwlt4u4voDALRalrQ3NV4knOlHRY11anqV0fNhikWCsiRPukIRZrdcFfqzFr0boH8bou7DgESNvWxROOxSC149oKxJ06FQsBDaIeElBsR8qTddybvXqMagXCM9y_HNrtAoz_8LgPjQtK5LFEbXhh9PyI_GOuoHyzJUc9Sm-V9kCB4kTm-SHrPbETQnvejZBcqEHxNcDNWBv6CWjj3-0V3dFMhjM1cy14d0Lm4j0IyRLm9bHM3s0ssVDd20gjWyar-D0o6guJIrteEC7UGR-w1yvXoGuIwdfZeoSAZ_CU9FrOJfQCTDs2aLgdCNeYKXg0Rt8YZL_elZnG7utCkO78TwxbGqear_I-1dlO39CUlo13YSS6pPonioWqkzXcXh93G7BYjgUxcPJ31kLyr2wBRA4OObAYRvh-5V3TkULlmwR4Q0pV3cUeOLI94b4WhaDZDI_RIJiCXQvtGy190NqTBeVogPrrAXLFkK0E013GByHrmzZoELfSUorjK-bDk4wXxdbVqzY7KXP-NEt3Bu-woinbUf56i3DXLrYlwINYK39VUydGpcQLZ5EDCL4u_IL_iFPt0"",""signature"":""pAuCdJcqtlxF0dOaXKQPrNTi0J5SiIlWt29mnQFu_w5bCtXr7gxyPDNVKiVNcRDgfpqTit584ICFyngH7F_DK11qhpd2DdE8TV_khyjCB2QRU42bCSzJ1yknpCC6uDCAMDNU96T1HJrhwkui52ccho9ThmAEGiIKQ53sCNu9hksAEr8UqElE_Ba6tHjo9jnB2JdQ4gmcpPc64-7rUgCbczSEUIS4KkIiIkLiulvZu9477ZkM3tC11ua6RKiZt9nQDB8aciKhMKgpkWEEFWuEoLe1Z6pvaUe_zF4BeNMHWoPBBoD6TXzns3DsF2X07DCZoKHNdVHQW_0EsaGCwxB_d5cCbO7PRWe_n8P1M1FqGUQX3gw6atQq3RPtZ1AeF6XI0BrtCZlnU5qB66zNztAsWjjNBWpsMQgZPmGFyvrKrpFzfYHBzqp2mkaJxJCOnRA5DAoyzFe095t1M4UCtsy4J-jyXROB_oC7o2GtiOZF7q8WUwtGit9pRamwCiIYF0gAXwNfvxuZZd63qB4WrYkYMpsTxqRoJE1JHQxtnJuW1UCTKGPKw_RnCDDpkUjUDzACYvDGgYnT0zC1CIFruFhwrpt1sTkztIGfxBZV_loaH4RI9expshtFOsdZACtd4UjaToKGuKcXULl-f9EwV644fTCKtIh-vhKCXJvNAGvBEoU"",""timestamp"":1701796369380,""validatorSignatures"":[],""version"":""1.0.0""}"
arweave-logo.svg,DIuej0mZioq8IzUOEEsaFwqN-MgBekR5W64GygzuL7Y,"{""id"":""DIuej0mZioq8IzUOEEsaFwqN-MgBekR5W64GygzuL7Y"",""block"":1320367,""deadlineHeight"":1320367,""public"":""pGFsvdSB9sxbwU5L4HD2v12DK40kzZ5N69s6WlI3Uw9pFdHMHei3n1Tv4jvZqU9yeIMGsS60MQRvfJK1AEoNYsQqk4Rciajw0_IemZdwlt4u4voDALRalrQ3NV4knOlHRY11anqV0fNhikWCsiRPukIRZrdcFfqzFr0boH8bou7DgESNvWxROOxSC149oKxJ06FQsBDaIeElBsR8qTddybvXqMagXCM9y_HNrtAoz_8LgPjQtK5LFEbXhh9PyI_GOuoHyzJUc9Sm-V9kCB4kTm-SHrPbETQnvejZBcqEHxNcDNWBv6CWjj3-0V3dFMhjM1cy14d0Lm4j0IyRLm9bHM3s0ssVDd20gjWyar-D0o6guJIrteEC7UGR-w1yvXoGuIwdfZeoSAZ_CU9FrOJfQCTDs2aLgdCNeYKXg0Rt8YZL_elZnG7utCkO78TwxbGqear_I-1dlO39CUlo13YSS6pPonioWqkzXcXh93G7BYjgUxcPJ31kLyr2wBRA4OObAYRvh-5V3TkULlmwR4Q0pV3cUeOLI94b4WhaDZDI_RIJiCXQvtGy190NqTBeVogPrrAXLFkK0E013GByHrmzZoELfSUorjK-bDk4wXxdbVqzY7KXP-NEt3Bu-woinbUf56i3DXLrYlwINYK39VUydGpcQLZ5EDCL4u_IL_iFPt0"",""signature"":""Px2pUFf_3ekktYR_4SsEfekUhh5i-nGxsznDB-rYzliLKZ0I8wa77TCMcERU3ZHADntnFMAL4cAF3xH5_1_U2CLiK4che3NR2ZuhnjCJ-g8LKj4ZtfVg-GJukkaK8I6Hufei78k7R17dRgjetS0hZ0q2T1SLHKtJLGW_5byVK2vnROwGxKHL86Ov2_X6Et44zUqzW0WBDj6Ze1WvReuMOfHWECQtDLxnQdSkl2lqgH24VUeMkdhsXIoRapqVAdbQHoffX4dbZnCBrE_PWmqw2ePqQ0_GYObk3p98PhJuNbvB2yMAjd_JVpWZlc6wjbkImTvqK7edWDgK1IgXWkuCAX0LOq2MBofQkBiOkASFLev_u1hCN8zdrzDcfHvL4b6ql81Y3CvTAd8F2UE-1yWfPOhZqSv7QMkV4b3zoliRdmLm5rIgAoHAwkBue_X07EFkqIbZa3oeRigOvzOIrKqj7BFQtYBVqMC6f780baV7z4lfBkTb-yTDqPV90Qhq5fe_ycjgVyuh1qDj_DlMpu_dm1zKBMgoZ_DUru0edrqC5r6d3h4eKM9oYcYGL4FTfHyss3L1UTnVlTKYMlvXU54ueQm9naxmsQahPAp1j5wnzXtgfeSlE2lKWOIh-Dae-ROI0ZIkYK9GyTx2a4aaQxgfwJlHdHiK3MEFvpmVvmW0ykY"",""timestamp"":1701796369373,""validatorSignatures"":[],""version"":""1.0.0""}"
fair-protocol-logo-light.svg,-KkSYa3VZ4dZvL-NuozvoqHHMBWnX6-C9zFteJ_kZVQ,"{""id"":""-KkSYa3VZ4dZvL-NuozvoqHHMBWnX6-C9zFteJ_kZVQ"",""block"":1320367,""deadlineHeight"":1320367,""public"":""pGFsvdSB9sxbwU5L4HD2v12DK40kzZ5N69s6WlI3Uw9pFdHMHei3n1Tv4jvZqU9yeIMGsS60MQRvfJK1AEoNYsQqk4Rciajw0_IemZdwlt4u4voDALRalrQ3NV4knOlHRY11anqV0fNhikWCsiRPukIRZrdcFfqzFr0boH8bou7DgESNvWxROOxSC149oKxJ06FQsBDaIeElBsR8qTddybvXqMagXCM9y_HNrtAoz_8LgPjQtK5LFEbXhh9PyI_GOuoHyzJUc9Sm-V9kCB4kTm-SHrPbETQnvejZBcqEHxNcDNWBv6CWjj3-0V3dFMhjM1cy14d0Lm4j0IyRLm9bHM3s0ssVDd20gjWyar-D0o6guJIrteEC7UGR-w1yvXoGuIwdfZeoSAZ_CU9FrOJfQCTDs2aLgdCNeYKXg0Rt8YZL_elZnG7utCkO78TwxbGqear_I-1dlO39CUlo13YSS6pPonioWqkzXcXh93G7BYjgUxcPJ31kLyr2wBRA4OObAYRvh-5V3TkULlmwR4Q0pV3cUeOLI94b4WhaDZDI_RIJiCXQvtGy190NqTBeVogPrrAXLFkK0E013GByHrmzZoELfSUorjK-bDk4wXxdbVqzY7KXP-NEt3Bu-woinbUf56i3DXLrYlwINYK39VUydGpcQLZ5EDCL4u_IL_iFPt0"",""signature"":""UtUSTGZPxiVaGVIcFcIV9fsJ_FBiy3w_nGk_oVEEkQLmB29vxvazaeL3VHMaEq3xztcyD6c6GjwL2Yw6QbaRCjEt5tM7odfu3g7AdeHJrQbzZl7-av0Kq4Fm7bLTfQibfGuHoDV-1k0T1sTvBQoUAGDGaf-v2h52X71W1TxNNzx3vfjlRak7lpUfsRewSzH3HE-kju3xyuSb8gZOnRxKWcGQr32eAbWXbNXlQIuXSJuR0w3xG5yKwkrf5zcKMAps4LqyNvyhAM05jKThmibl2MG8YcJAkq2BUYrmwZJ6SMLS4aZfIWjNFyPuQ49Rp4JnFL_2CUbIHFqvO_WxrTyHO7F1cH6G01U-HVinPHriwSSnjIBLsrSNVJSYNXJ3-cwWreYIKLd9PUhM6D4hmmoGwrONzM5lViAccN4vGvzV4myjhGEaJ1nfZHRNo1dM3gp0WYRte1f_fO1ItV7cVdsEDKk3_dlBaiPPo3q8b1vvoZCC6rCw9fBUzMp9gvz1andsTpYmaEgKADG3itLbPvnHUcejj2cTn1yix_apM7lr6HxkrY6TC3Lpm9Ozh45VKs4UyPuC8eAoBhfNJgNLwbjpcLBC9FXIkIh38-QxQ9QOibDG2jssvgpVNDvmzmlNunFCXA4RSJpJj1eex1U-1ubpcVpmtSwG4u3XvUbz08i-1Yw"",""timestamp"":1701796369386,""validatorSignatures"":[],""version"":""1.0.0""}"
icon-empty-wallet.svg,VUcQDCWltqT2nEt6KYdbQeI8vtSDgCMsI59-49pw4V8,"{""id"":""VUcQDCWltqT2nEt6KYdbQeI8vtSDgCMsI59-49pw4V8"",""block"":1320367,""deadlineHeight"":1320367,""public"":""pGFsvdSB9sxbwU5L4HD2v12DK40kzZ5N69s6WlI3Uw9pFdHMHei3n1Tv4jvZqU9yeIMGsS60MQRvfJK1AEoNYsQqk4Rciajw0_IemZdwlt4u4voDALRalrQ3NV4knOlHRY11anqV0fNhikWCsiRPukIRZrdcFfqzFr0boH8bou7DgESNvWxROOxSC149oKxJ06FQsBDaIeElBsR8qTddybvXqMagXCM9y_HNrtAoz_8LgPjQtK5LFEbXhh9PyI_GOuoHyzJUc9Sm-V9kCB4kTm-SHrPbETQnvejZBcqEHxNcDNWBv6CWjj3-0V3dFMhjM1cy14d0Lm4j0IyRLm9bHM3s0ssVDd20gjWyar-D0o6guJIrteEC7UGR-w1yvXoGuIwdfZeoSAZ_CU9FrOJfQCTDs2aLgdCNeYKXg0Rt8YZL_elZnG7utCkO78TwxbGqear_I-1dlO39CUlo13YSS6pPonioWqkzXcXh93G7BYjgUxcPJ31kLyr2wBRA4OObAYRvh-5V3TkULlmwR4Q0pV3cUeOLI94b4WhaDZDI_RIJiCXQvtGy190NqTBeVogPrrAXLFkK0E013GByHrmzZoELfSUorjK-bDk4wXxdbVqzY7KXP-NEt3Bu-woinbUf56i3DXLrYlwINYK39VUydGpcQLZ5EDCL4u_IL_iFPt0"",""signature"":""S1K9hoVMIfXd3rWspVAfPYH5KWg61hZho9MNCoB0t2nyxDmnWuEdlgt74Ijo-NsucyNgf8ZKvzZRanPM-szBe0kEZkUhAWLythuGBfvclaw8LqgO2m0XlXxIaHeUij_0mqA6w8mP1AZMizClYW4Jmm85ZlOpezYvzRUDfOqJ1zNOtsAXotLXzmqJqitXTgbU-wxJmXwHgQfQIIpFuVa1ww4FqtLm7mYT-xPdbV7Su2niStU_uccOeLOjHzW1hRGzUR-Uk5rVAgPuojFDjG5n42iPlf94mo23M-4XxbV663pHX2CVrgE_wdbjnnde6UeW8jUhcSfIwYqGB5O9rkBrt8bncmfm_OR-f9YQubN9ok8c2128FfFiOmfBW01ddi7rd75wSDnzeTKdNegIP54U-s2AEVKxLaCFm1v3Xv0edvjShRZlUBvJyBqJCvg1frW3OyjE0X20qggfm9Yg_SEOmx_HjExRrCV4hJDFC9cOaVlpm1ewhLfXS7PA5fl3epJSrwSXn7zoheWR7K1Vvq_f9cgxrYZS71j_1dzwTdp29M_BS5JtWvU0qYXaIDigCFDG3Ayfip4FsFU1ROo4fNW48NTwjLJ3fsiOWe6m1_PJsYeQFeVVeHcnRKh6nC_AbMulPz47EcUwQNZN7sD3dYXik2vWCVkcME7X3eLSBqU1XzE"",""timestamp"":1701796369418,""validatorSignatures"":[],""version"":""1.0.0""}"
arweave-small.svg,QcU1ki6-hDYOWRP7Ffxd37yKzy16_Nnx3m6gf9p2vO4,"{""id"":""QcU1ki6-hDYOWRP7Ffxd37yKzy16_Nnx3m6gf9p2vO4"",""block"":1320367,""deadlineHeight"":1320367,""public"":""pGFsvdSB9sxbwU5L4HD2v12DK40kzZ5N69s6WlI3Uw9pFdHMHei3n1Tv4jvZqU9yeIMGsS60MQRvfJK1AEoNYsQqk4Rciajw0_IemZdwlt4u4voDALRalrQ3NV4knOlHRY11anqV0fNhikWCsiRPukIRZrdcFfqzFr0boH8bou7DgESNvWxROOxSC149oKxJ06FQsBDaIeElBsR8qTddybvXqMagXCM9y_HNrtAoz_8LgPjQtK5LFEbXhh9PyI_GOuoHyzJUc9Sm-V9kCB4kTm-SHrPbETQnvejZBcqEHxNcDNWBv6CWjj3-0V3dFMhjM1cy14d0Lm4j0IyRLm9bHM3s0ssVDd20gjWyar-D0o6guJIrteEC7UGR-w1yvXoGuIwdfZeoSAZ_CU9FrOJfQCTDs2aLgdCNeYKXg0Rt8YZL_elZnG7utCkO78TwxbGqear_I-1dlO39CUlo13YSS6pPonioWqkzXcXh93G7BYjgUxcPJ31kLyr2wBRA4OObAYRvh-5V3TkULlmwR4Q0pV3cUeOLI94b4WhaDZDI_RIJiCXQvtGy190NqTBeVogPrrAXLFkK0E013GByHrmzZoELfSUorjK-bDk4wXxdbVqzY7KXP-NEt3Bu-woinbUf56i3DXLrYlwINYK39VUydGpcQLZ5EDCL4u_IL_iFPt0"",""signature"":""jSziBxZ7Go4NWgzEVZ4NPQYqQ3mkhvwlSYEVgokscgF9Tjasl0XULH4y59jIuM_QXTUUY6Rv0iAruYWnpyoS-w52rmPN8-Ux1jIkATB6O4Ci5bwHMyl4e9FzBuBAgAztFcispOGO86NuAp_XS_B-qOupV6Ig-XAmQTCINhU5yHnjjNDk8SXfQsCkpWv18lxUss4LfhdehoJk6zDevpKaW-J8HTeTmUDHKzR4W-O0nu-HSMni5u92-OOnF_svoRldSrKRjzLP4LpfmEaTIjj0tLBiU9gdr7wRE5QfOAjRFbQtvtEP3rWkoJI5dK4XstLDdRIDZoMGPS_TCk0MGYupgJ6vloz-DKV_dOw31pIDfZbUl13vIh_mlWKCVXzVaMzEw0cxZMGcVUKaSv5OTgEfburchSvSItrtkkbV4P6JX6FVy86UHjNrswGqRG1I_JMQPjgcb4ld9rLmz_Y4S52BQ0FnnEq7UBR8-00L7oKFJ-qx6o9xEOvvurWeruSBuL_4CAllCqOfx2jDEKrIxX4PmHQU_X9k5hWJyEnBgXG2D5u3rnvkk3Ey1H-eEEq9BbsW400ka4TnPreT0LEOCARjBBiQxEmqZWuSK9ybmY2i_a2cmkSi4d7IbFG5hfKy2N_Sjg70xX-gDUYA-JFzcoY8lyvaWOw5c-Ndn0bv-6P-Idw"",""timestamp"":1701796369427,""validatorSignatures"":[],""version"":""1.0.0""}"
arweave-logo-warning.svg,f_ooohSRmpvWDaIoggl1kDIHUwJYrbMO5ItFtaQsjKU,"{""id"":""f_ooohSRmpvWDaIoggl1kDIHUwJYrbMO5ItFtaQsjKU"",""block"":1320367,""deadlineHeight"":1320367,""public"":""pGFsvdSB9sxbwU5L4HD2v12DK40kzZ5N69s6WlI3Uw9pFdHMHei3n1Tv4jvZqU9yeIMGsS60MQRvfJK1AEoNYsQqk4Rciajw0_IemZdwlt4u4voDALRalrQ3NV4knOlHRY11anqV0fNhikWCsiRPukIRZrdcFfqzFr0boH8bou7DgESNvWxROOxSC149oKxJ06FQsBDaIeElBsR8qTddybvXqMagXCM9y_HNrtAoz_8LgPjQtK5LFEbXhh9PyI_GOuoHyzJUc9Sm-V9kCB4kTm-SHrPbETQnvejZBcqEHxNcDNWBv6CWjj3-0V3dFMhjM1cy14d0Lm4j0IyRLm9bHM3s0ssVDd20gjWyar-D0o6guJIrteEC7UGR-w1yvXoGuIwdfZeoSAZ_CU9FrOJfQCTDs2aLgdCNeYKXg0Rt8YZL_elZnG7utCkO78TwxbGqear_I-1dlO39CUlo13YSS6pPonioWqkzXcXh93G7BYjgUxcPJ31kLyr2wBRA4OObAYRvh-5V3TkULlmwR4Q0pV3cUeOLI94b4WhaDZDI_RIJiCXQvtGy190NqTBeVogPrrAXLFkK0E013GByHrmzZoELfSUorjK-bDk4wXxdbVqzY7KXP-NEt3Bu-woinbUf56i3DXLrYlwINYK39VUydGpcQLZ5EDCL4u_IL_iFPt0"",""signature"":""dR78DQtdY1_YHDzMWN_kUanbV95C-Edv6SCztfU_5GgygQtxZuKs2p9x3Fray8V2w3GFQV35BGlbAnZcDo08U7sUtaECEkt3r4QuXaUNGp0Iur4ppGgxInyRPYHEgp-EMbbLhFpcGbB12_mcByJds3gy0f70STTHTau79jqH8K_wqQ0zaA7Vrut5HirP1hN9-kOkI65sVxZx65vTvMbWhV6_ps57a2aga7WkwHIJr899i2RS32kLv1nYoL0ikJ5OcQLH9u3Qgd3t2OBE7IAtq7tVg_eDfqJKio-kfdpCfpsqh2nbv7S3Bt-BfdPvDvVBnP7F111Qs5E0IlgqwCtYqtKPtEzyMXz5M9uLeJYggsB7o_upRHAC6_IpL_q0-OVH0ER26puRlzdDqz0YvxB3vaGAnf3gNr4dYTfNS8TeIEA6_ZmDtxMI-RhtXUV6rWnapxR2AHxpthD_VC2QYdBR0cKOkjbXAfTncFv7wvbA15a-nC7pL0tah8tuHlBXNg5RjTevh-akMAuIRzP6H4mbuCquCVIsUUkT68AC4exFfS2xehKiauYe-a6TtDnadKLfUnelyIzmFJEZaOkYZyjiOZvfcDazcwWOPU3b5Nmkk5xu3YKiWJVrrBH70YxW_-PPWv7_w9EBHaGs7v1n7Ef2Yqr-lrjR0mMWdCiIEUASDQU"",""timestamp"":1701796369436,""validatorSignatures"":[],""version"":""1.0.0""}"
fair-protocol-face.svg,SYmEV7RWERG26Jmj4wm9B-C6LHLu0C5vs5oEP41Cxvo,"{""id"":""SYmEV7RWERG26Jmj4wm9B-C6LHLu0C5vs5oEP41Cxvo"",""block"":1320367,""deadlineHeight"":1320367,""public"":""pGFsvdSB9sxbwU5L4HD2v12DK40kzZ5N69s6WlI3Uw9pFdHMHei3n1Tv4jvZqU9yeIMGsS60MQRvfJK1AEoNYsQqk4Rciajw0_IemZdwlt4u4voDALRalrQ3NV4knOlHRY11anqV0fNhikWCsiRPukIRZrdcFfqzFr0boH8bou7DgESNvWxROOxSC149oKxJ06FQsBDaIeElBsR8qTddybvXqMagXCM9y_HNrtAoz_8LgPjQtK5LFEbXhh9PyI_GOuoHyzJUc9Sm-V9kCB4kTm-SHrPbETQnvejZBcqEHxNcDNWBv6CWjj3-0V3dFMhjM1cy14d0Lm4j0IyRLm9bHM3s0ssVDd20gjWyar-D0o6guJIrteEC7UGR-w1yvXoGuIwdfZeoSAZ_CU9FrOJfQCTDs2aLgdCNeYKXg0Rt8YZL_elZnG7utCkO78TwxbGqear_I-1dlO39CUlo13YSS6pPonioWqkzXcXh93G7BYjgUxcPJ31kLyr2wBRA4OObAYRvh-5V3TkULlmwR4Q0pV3cUeOLI94b4WhaDZDI_RIJiCXQvtGy190NqTBeVogPrrAXLFkK0E013GByHrmzZoELfSUorjK-bDk4wXxdbVqzY7KXP-NEt3Bu-woinbUf56i3DXLrYlwINYK39VUydGpcQLZ5EDCL4u_IL_iFPt0"",""signature"":""UlJKdC-fpnYSIcYbr-SUcT6G6n2dNcA2fy-pkvIZLsktZzi5Vjkncgyj1th7EzvaTXbJsQ2iLoo3LZu1gj9v5tSBWgomPGgVXGuxLje_5he3sS5DHeRwHJSNNLSQ75bVbzerOrONutwjDjIaeMScodoPERkTeOElzQ-MI7T05-0D14IPyA0P47eQEyZOVK7yQc_294L4VJbrcgkXIQsCDrqEqB9hVT6HmCRIMYfaEF7GBBNhQlZtuGzcDIAOa_pgTffKScI6B-cQR9SCH6SeZEVPNQYIApA7JP_waXx1Og9GDdvg3M0GiZFoRiXU2MIfh5W08xiII2DlQvWQgKt98gR_5kzvYwDsaWWHnKQwkt5riYW94aDZ9S30QTvVj6vtWGZ19ZgSj31z7vGDjOuzDKhuvzXCRGEwHZenqX_7I7VA9qFvytDemUbRXICTC_1gHG-fbUziv2UbRabUJOw1k6wRNVNSc2yMXaGWIJT4XtSCHByJrDZguW1hOFpQ6LS1CUez5W4UdtEN5KVfRmd38O2lATKNZWwB2z7ak7jOEEsONCbD_xygV2EsqdyKGZeZOMEbEvDMMQHGMuDGwBNx8dPgxW1J7HX_W1xfEC_s9jc04DuxRzDI4njXwbrrwmKz5wkPiJDm9Nwu58pbAmlmG0ATcIjLLykkzOYRI3RtXlk"",""timestamp"":1701796369436,""validatorSignatures"":[],""version"":""1.0.0""}"
chevron-bottom.svg,E9AGniA8mXkvUZsxXvpQbmb1WigDPpN9Hbl-zETzh6g,"{""id"":""E9AGniA8mXkvUZsxXvpQbmb1WigDPpN9Hbl-zETzh6g"",""block"":1320367,""deadlineHeight"":1320367,""public"":""pGFsvdSB9sxbwU5L4HD2v12DK40kzZ5N69s6WlI3Uw9pFdHMHei3n1Tv4jvZqU9yeIMGsS60MQRvfJK1AEoNYsQqk4Rciajw0_IemZdwlt4u4voDALRalrQ3NV4knOlHRY11anqV0fNhikWCsiRPukIRZrdcFfqzFr0boH8bou7DgESNvWxROOxSC149oKxJ06FQsBDaIeElBsR8qTddybvXqMagXCM9y_HNrtAoz_8LgPjQtK5LFEbXhh9PyI_GOuoHyzJUc9Sm-V9kCB4kTm-SHrPbETQnvejZBcqEHxNcDNWBv6CWjj3-0V3dFMhjM1cy14d0Lm4j0IyRLm9bHM3s0ssVDd20gjWyar-D0o6guJIrteEC7UGR-w1yvXoGuIwdfZeoSAZ_CU9FrOJfQCTDs2aLgdCNeYKXg0Rt8YZL_elZnG7utCkO78TwxbGqear_I-1dlO39CUlo13YSS6pPonioWqkzXcXh93G7BYjgUxcPJ31kLyr2wBRA4OObAYRvh-5V3TkULlmwR4Q0pV3cUeOLI94b4WhaDZDI_RIJiCXQvtGy190NqTBeVogPrrAXLFkK0E013GByHrmzZoELfSUorjK-bDk4wXxdbVqzY7KXP-NEt3Bu-woinbUf56i3DXLrYlwINYK39VUydGpcQLZ5EDCL4u_IL_iFPt0"",""signature"":""BDVBWc5EuK9PwFcst-yM07V7OUma5ihRMcN82_PlXTOSXDFHcG72YhLyoX-NbFnL3j9P_pmKUoiVvK5CtbMqMjEJ68DnHRVAr92L1FNFbyRwjXqTbFed0sf9J9BR86xKQsUqy1dFse_jgPTQecCBr7m84sM5wwsa-9NMsW_jQKrpDfbuOI6TBNSSxirl19BZQIkxrmPJbs38kGaSJoD-lu-9856fI_cKy9FnCkhSMcDuOieHl_VX-xXTt4go8IlxVrN1P4PY9LWfniTdjRwfOeF0rBvc-Tl9Ixv0r2GMce33tE66rsxM5OIDpDFZMu0AbOcN8rHPaY_ntAOpiDYrkZHXqV65OiOLQTSi2js6jpKSbcfs2DUMK65knsNmr1-jPD-UIugD9uDoLct1thC8O88H5BWznQhMIRUc3iuDvGTgktRCiaSWSkpUuSFHJOeyGmTIf4hYevPwOCatJcmV23Eal5P3lQSKg5w0lbpzwUJ7w47cF4iaI0AeeWXBp8vuWGivNq1ZOrCXykDDJ7xkU5Jp7-0uiFNTXoQz1sdVkMICrVXOGKLtxdeKT2Zuwrp_7Lidmcq2Btj2DeIb7cqJd05ZQwRKJ3pdOubEH7sWJ6NN7L98E4eHErlJfWJnAwl0JZnh-KnCsLEy1swPHN93S3MQpLzfS5Hvcx-Yy6sN_q4"",""timestamp"":1701796369439,""validatorSignatures"":[],""version"":""1.0.0""}"
index.html,4tZNvzadbhmoUQlz19MsmE7rZieIuUyiUFu2pSBC6TM,"{""id"":""4tZNvzadbhmoUQlz19MsmE7rZieIuUyiUFu2pSBC6TM"",""block"":1320367,""deadlineHeight"":1320367,""public"":""pGFsvdSB9sxbwU5L4HD2v12DK40kzZ5N69s6WlI3Uw9pFdHMHei3n1Tv4jvZqU9yeIMGsS60MQRvfJK1AEoNYsQqk4Rciajw0_IemZdwlt4u4voDALRalrQ3NV4knOlHRY11anqV0fNhikWCsiRPukIRZrdcFfqzFr0boH8bou7DgESNvWxROOxSC149oKxJ06FQsBDaIeElBsR8qTddybvXqMagXCM9y_HNrtAoz_8LgPjQtK5LFEbXhh9PyI_GOuoHyzJUc9Sm-V9kCB4kTm-SHrPbETQnvejZBcqEHxNcDNWBv6CWjj3-0V3dFMhjM1cy14d0Lm4j0IyRLm9bHM3s0ssVDd20gjWyar-D0o6guJIrteEC7UGR-w1yvXoGuIwdfZeoSAZ_CU9FrOJfQCTDs2aLgdCNeYKXg0Rt8YZL_elZnG7utCkO78TwxbGqear_I-1dlO39CUlo13YSS6pPonioWqkzXcXh93G7BYjgUxcPJ31kLyr2wBRA4OObAYRvh-5V3TkULlmwR4Q0pV3cUeOLI94b4WhaDZDI_RIJiCXQvtGy190NqTBeVogPrrAXLFkK0E013GByHrmzZoELfSUorjK-bDk4wXxdbVqzY7KXP-NEt3Bu-woinbUf56i3DXLrYlwINYK39VUydGpcQLZ5EDCL4u_IL_iFPt0"",""signature"":""cPBk_Rdv6dZFMLYWDCegljClpSk3RtUmBILT5bjon-3Du0N9FUYMYtonZDoiMldWqJ_drSAjzgjvd9LSzAlNnN17dkmyUlMWvSvb-6wyCw1T-Qd0CknMomVZlqFR9azXOlQxQyv2_Im-JWsohVqRcwMRtJ78IdthG2bbrVhXR2Vm-gVtRYVqBW9MBs6Xz8c0ZmPOdUBFUDMLhEHrl0qSxGHzNhhmcvtAMgedLu7DGknqgkD2cvO1qB6WYyPkljQKjxveKvajYYJ81w_P7XmSFrbj8HF9-QtgQLc1UrGyxhti_Tsb5wLjb6mE4vTloC5JaQVF4bQG-SZb8puVqOj6OFmuODuFYRr-i_k7WIwe3dS8zDSKlZbwZBC94UFg5AmU8LAP6OVRV8ix8kFgdCaE6vgo1Rth7LyrTjsTdGof_qaEmIEQqb9dLqzXsIj9EHsqtnRiXP7X2Y1hkVwpEkZmZ3GQwTyHwGNcWfdrCyQGfBaYw0P-212aMJDSOkA04FdTsiXtzfr_x64ba_MPemSVAzaEbflCqHcyeZRBA_8uncl2atKCCQbKdukn2evRIZ0obzMwGvFalIaYtCtinaN8S98SCM9ybEKI9vjrLQ_S7SKLKYv27OYcd5lvUY7BtAxGlalU8aoaZ2aKrtx91Ew6PAEKEkQF8pQHIUBISB0K3Zk"",""timestamp"":1701796369425,""validatorSignatures"":[],""version"":""1.0.0""}"
vouch.svg,BMuelwUsLhtV2hk2NKTZV9rsa87h-mZQhpiC6zQW5Bg,"{""id"":""BMuelwUsLhtV2hk2NKTZV9rsa87h-mZQhpiC6zQW5Bg"",""block"":1320367,""deadlineHeight"":1320367,""public"":""pGFsvdSB9sxbwU5L4HD2v12DK40kzZ5N69s6WlI3Uw9pFdHMHei3n1Tv4jvZqU9yeIMGsS60MQRvfJK1AEoNYsQqk4Rciajw0_IemZdwlt4u4voDALRalrQ3NV4knOlHRY11anqV0fNhikWCsiRPukIRZrdcFfqzFr0boH8bou7DgESNvWxROOxSC149oKxJ06FQsBDaIeElBsR8qTddybvXqMagXCM9y_HNrtAoz_8LgPjQtK5LFEbXhh9PyI_GOuoHyzJUc9Sm-V9kCB4kTm-SHrPbETQnvejZBcqEHxNcDNWBv6CWjj3-0V3dFMhjM1cy14d0Lm4j0IyRLm9bHM3s0ssVDd20gjWyar-D0o6guJIrteEC7UGR-w1yvXoGuIwdfZeoSAZ_CU9FrOJfQCTDs2aLgdCNeYKXg0Rt8YZL_elZnG7utCkO78TwxbGqear_I-1dlO39CUlo13YSS6pPonioWqkzXcXh93G7BYjgUxcPJ31kLyr2wBRA4OObAYRvh-5V3TkULlmwR4Q0pV3cUeOLI94b4WhaDZDI_RIJiCXQvtGy190NqTBeVogPrrAXLFkK0E013GByHrmzZoELfSUorjK-bDk4wXxdbVqzY7KXP-NEt3Bu-woinbUf56i3DXLrYlwINYK39VUydGpcQLZ5EDCL4u_IL_iFPt0"",""signature"":""nbAnoE0d9647d_nb7sIlCZNzK0e7LZk2RQ2YuBTeNgost6yUmvoKwg_HWiRoEOG8r7wi-5pgVvSCF-AOLUCwGgrlgzGCWxmMmQtggizd6VPxQO0-4fYngrKuRv3OcpG9207YrWWtPP6XRJht0WfxsjjbZDMwKV9lkUnJP9j3HZtu5Ubl0aVIq3EBLmsqvf8ygag3Fcn__aq5mp9gCjNApTM5YN12CIMKfsS3Y9oxIgi95Mnh6rntKD16e7uc6SxtDxVMmTzxvFAcGcD4URXxd25WY_-O64jb5ePI0WQIgjzyKHAQAPVE68mafxnlhXek4yjtzE98jvLHeHKjNWZPj-CJbVXJqveN6URFEjbHrWwIPywzmQGMGrqys1fmYSp_wP0QCNemjB_A11HETUwHbXw7BCgz3XZWnq6PZMs61E0-rCt1Umixz1LHZTpFJDc9dVDQBtM-47_hR5O8LMIPTxUPfDvTaUuY21mNVNTXXoMaSjn0s95rG3DBakX8g5nNid1aqJoWFrBUVv6EDlaVGGr79jG-Ir2zAfFdrkjsEEhGwipEQ13K60DM0BCyCd88TRjxyYqGzUJ8qaW5yqFaXfh9jTAOhL1I76svxFuGSJ8A5hIjOhB3ZEIjIAXb3X1e1iFE2f-ZFhw05cwWiD6AWWOKgCPKxdMLOfUoFdx0FdE"",""timestamp"":1701796369457,""validatorSignatures"":[],""version"":""1.0.0""}"
arconnect-logo.png,eqkeQYzketmwnITWP33VW5S49T6IE2ToqpeMZ0yylvg,"{""id"":""eqkeQYzketmwnITWP33VW5S49T6IE2ToqpeMZ0yylvg"",""block"":1320367,""deadlineHeight"":1320367,""public"":""pGFsvdSB9sxbwU5L4HD2v12DK40kzZ5N69s6WlI3Uw9pFdHMHei3n1Tv4jvZqU9yeIMGsS60MQRvfJK1AEoNYsQqk4Rciajw0_IemZdwlt4u4voDALRalrQ3NV4knOlHRY11anqV0fNhikWCsiRPukIRZrdcFfqzFr0boH8bou7DgESNvWxROOxSC149oKxJ06FQsBDaIeElBsR8qTddybvXqMagXCM9y_HNrtAoz_8LgPjQtK5LFEbXhh9PyI_GOuoHyzJUc9Sm-V9kCB4kTm-SHrPbETQnvejZBcqEHxNcDNWBv6CWjj3-0V3dFMhjM1cy14d0Lm4j0IyRLm9bHM3s0ssVDd20gjWyar-D0o6guJIrteEC7UGR-w1yvXoGuIwdfZeoSAZ_CU9FrOJfQCTDs2aLgdCNeYKXg0Rt8YZL_elZnG7utCkO78TwxbGqear_I-1dlO39CUlo13YSS6pPonioWqkzXcXh93G7BYjgUxcPJ31kLyr2wBRA4OObAYRvh-5V3TkULlmwR4Q0pV3cUeOLI94b4WhaDZDI_RIJiCXQvtGy190NqTBeVogPrrAXLFkK0E013GByHrmzZoELfSUorjK-bDk4wXxdbVqzY7KXP-NEt3Bu-woinbUf56i3DXLrYlwINYK39VUydGpcQLZ5EDCL4u_IL_iFPt0"",""signature"":""JzISX1wy-FzbEEXTxdNnvMXL4BUpUA0uof1cTnMSb5SHxc3OnZ0T1FybZDxOUPjqlSu9XjUT-ooC-2-G986gq9QQJsxBc1FaMBAEvVfrDZSR6gMCdTNEATEZ2UBpt5vUkaYk6StmWs7EkHsTkp4aezJ-FKIYrDaOovCd2f8CKq6d9sEsXAG4laF34EIhCykPVx2eMm9uwJrzR3XYPM0PVdhtjDkfp3-e3NZlvrgLIzRimPlgLnsiVv-8KmFQh_aOA_7vfrwbled7DxZiWppYSMXPyYgZYPkK0SVr5pMoRWzTB1Wa7-RJ0rfbdu2vwGUkQj0D6g4Pha6jceQxSnVPbCir2gXjT_cUfM9Vrx3myfyNnQMsQmbdPwdLw-AC13XixhSQ9pcmw4fy88-LC2tD9G9frm4BPdZyoCShik9cx7m6uDfKGnAmjbjPYgCszSKeXay7PsRVgjnXwxOP32r4r4DdgPwyU1eoFrJUrQhoAmKpX8GR3CFWD7467oyUf5EpkmrgHHgn1yaSWioCXm4EYa9DMeLtzn3TF4usD3Jab12d1UI5Zp_-hu6HmKpSPd2X4bs23T9J3UeQXDx-ldcB6zYukGL25_X79Eadq8frnqZdzGn7wQipEpp5a86WYLlrf-riUcb51Jl-_NaK-kZVQjQO7Op5j2vVjT1KAduGb-w"",""timestamp"":1701796369456,""validatorSignatures"":[],""version"":""1.0.0""}"
icon-empty-wallet.png,CSFBTFi6AXyn5OXwvz99j9NnWQEJbcsKI7veZJzy978,"{""id"":""CSFBTFi6AXyn5OXwvz99j9NnWQEJbcsKI7veZJzy978"",""block"":1320367,""deadlineHeight"":1320367,""public"":""pGFsvdSB9sxbwU5L4HD2v12DK40kzZ5N69s6WlI3Uw9pFdHMHei3n1Tv4jvZqU9yeIMGsS60MQRvfJK1AEoNYsQqk4Rciajw0_IemZdwlt4u4voDALRalrQ3NV4knOlHRY11anqV0fNhikWCsiRPukIRZrdcFfqzFr0boH8bou7DgESNvWxROOxSC149oKxJ06FQsBDaIeElBsR8qTddybvXqMagXCM9y_HNrtAoz_8LgPjQtK5LFEbXhh9PyI_GOuoHyzJUc9Sm-V9kCB4kTm-SHrPbETQnvejZBcqEHxNcDNWBv6CWjj3-0V3dFMhjM1cy14d0Lm4j0IyRLm9bHM3s0ssVDd20gjWyar-D0o6guJIrteEC7UGR-w1yvXoGuIwdfZeoSAZ_CU9FrOJfQCTDs2aLgdCNeYKXg0Rt8YZL_elZnG7utCkO78TwxbGqear_I-1dlO39CUlo13YSS6pPonioWqkzXcXh93G7BYjgUxcPJ31kLyr2wBRA4OObAYRvh-5V3TkULlmwR4Q0pV3cUeOLI94b4WhaDZDI_RIJiCXQvtGy190NqTBeVogPrrAXLFkK0E013GByHrmzZoELfSUorjK-bDk4wXxdbVqzY7KXP-NEt3Bu-woinbUf56i3DXLrYlwINYK39VUydGpcQLZ5EDCL4u_IL_iFPt0"",""signature"":""B2YZ_5XNWjXH4Ll_ECizcd1yd1Bz-o1qWa6-4c_j353wug289VpA0haytXWefRdfaMXiSPa-VhezPa3kEaCvYHVRsU9cxLW_AItJuXlDfSfr2bd0NVzrJ1ejiAK4Xgg9UJlFlS7bBMHvFHJ0FSQBuOT8f1YeXwyQ4pgOPNlxnMIaO8XvGV5sGR4zRotiet0urybxEYF6ENqdP3W_xOcgjVANkplccGsMZ2WvXNESSBF81PjMM_epcR8p0LIUzvjyrYpyC0Jmo12PdIx53P3zfUwm_bQcCGsEdsMwGPM9Cbfk5g57z5OkdYapsqGuvoTVyDhufqKtck4qW9qnhQgkckLwqVLmlMJGYPDyjvl5qaACuisd3i1a6-SXYGG06SDTGilAh02U6rpiUIFdiC3nVxCuAkofiXLMhFlkA4FZSePAKeNEyV0uo_7ArVjjBCslFG6Y7GceNN5iIwwmfKxCPevW8JHtdTN0Fmjyk8C67FrhsU7CdDj43lVC188EJjZMVp2igQtKxFrsXmdxv9vCsQTaaizMGb6zLYFz2zRDRtrxnkf_nVbGTneK2K92zqM88kH4N7ZmH8bvXds3jblf7nAY5aCmN-KbMadR9J9C8fG9OUpPB7aAsnjEsJ1-7m3fDCjx753dGs4vxtWTnQ2s0ad5CDC8PgTXVwxnAC4aIPM"",""timestamp"":1701796369519,""validatorSignatures"":[],""version"":""1.0.0""}"
close-icon.svg,-cqa8GsiiSZIy8g5UGiD-K2vEF-Dfun33n7EaJTmy9o,"{""id"":""-cqa8GsiiSZIy8g5UGiD-K2vEF-Dfun33n7EaJTmy9o"",""block"":1320367,""deadlineHeight"":1320367,""public"":""pGFsvdSB9sxbwU5L4HD2v12DK40kzZ5N69s6WlI3Uw9pFdHMHei3n1Tv4jvZqU9yeIMGsS60MQRvfJK1AEoNYsQqk4Rciajw0_IemZdwlt4u4voDALRalrQ3NV4knOlHRY11anqV0fNhikWCsiRPukIRZrdcFfqzFr0boH8bou7DgESNvWxROOxSC149oKxJ06FQsBDaIeElBsR8qTddybvXqMagXCM9y_HNrtAoz_8LgPjQtK5LFEbXhh9PyI_GOuoHyzJUc9Sm-V9kCB4kTm-SHrPbETQnvejZBcqEHxNcDNWBv6CWjj3-0V3dFMhjM1cy14d0Lm4j0IyRLm9bHM3s0ssVDd20gjWyar-D0o6guJIrteEC7UGR-w1yvXoGuIwdfZeoSAZ_CU9FrOJfQCTDs2aLgdCNeYKXg0Rt8YZL_elZnG7utCkO78TwxbGqear_I-1dlO39CUlo13YSS6pPonioWqkzXcXh93G7BYjgUxcPJ31kLyr2wBRA4OObAYRvh-5V3TkULlmwR4Q0pV3cUeOLI94b4WhaDZDI_RIJiCXQvtGy190NqTBeVogPrrAXLFkK0E013GByHrmzZoELfSUorjK-bDk4wXxdbVqzY7KXP-NEt3Bu-woinbUf56i3DXLrYlwINYK39VUydGpcQLZ5EDCL4u_IL_iFPt0"",""signature"":""drQ1OzVJ7x7gecbVlunJNHiKphIKb7zcwsQ2zq3CV4WwjcdjNGd_xK9bP2OLws5Hx4SrsKJAh8LbdaGhg6o6xSH1cjWXU7J6O_hm6S0TT5cR3YM41d_kSP0QC8SnZFwKzrPCPQpR8WtkxxVNCcu7JiUThwr-jOUgc1o6mpNSHeU8QDgV7SC6tE2plNm1l1fLjiLDb11uSD6JYGoU878LIqjhEWhzpmzBLF0ubdvDuNDan1b7Y3MPwUIHfdZaAEhWin-Pyb3A9FL8o10Hf_fBXNB_aKo9IchRUF_pqfS0W-DJkWVdIcM1y1mRsCBatWdfuRw_Uo7RlRW9O3mIsOMhG2RIpaS1wKudE0CMQ_k1kIkJux6kjxmag-R7LPHPfXryRJuZvMUnJUoMzu2MkU1upVPZJcCzX8UtXYh7lTc1p8y_aa1GUogmwgvfeMvcFhRaUOnWsE01-aO3T0dudVxwBcfH47FppsOBCOIHBzA59xJkLuXjYIS954DpKAqKK-GOufC7t4JIBVDOjPdkRRlUHKBpR7R_DcsIllBEUIjMlg05xVDwvz8BSIyRJDGYLIm_wXvc3fz367fryC1STYpqlStBhuzfDqQnjCohB_qzKn14hrH9cLX7iEcNXRz96MQskw8QV7VqwTgY_BBFRVg73EhUQ-Bv0KfyBM0XGXeG-FA"",""timestamp"":1701796369523,""validatorSignatures"":[],""version"":""1.0.0""}"
thumbs-up.svg,9jqbDb5TEoz9RoT6QPkjjSNrh3vYIeWR2IHbAUpd0VQ,"{""id"":""9jqbDb5TEoz9RoT6QPkjjSNrh3vYIeWR2IHbAUpd0VQ"",""block"":1320367,""deadlineHeight"":1320367,""public"":""pGFsvdSB9sxbwU5L4HD2v12DK40kzZ5N69s6WlI3Uw9pFdHMHei3n1Tv4jvZqU9yeIMGsS60MQRvfJK1AEoNYsQqk4Rciajw0_IemZdwlt4u4voDALRalrQ3NV4knOlHRY11anqV0fNhikWCsiRPukIRZrdcFfqzFr0boH8bou7DgESNvWxROOxSC149oKxJ06FQsBDaIeElBsR8qTddybvXqMagXCM9y_HNrtAoz_8LgPjQtK5LFEbXhh9PyI_GOuoHyzJUc9Sm-V9kCB4kTm-SHrPbETQnvejZBcqEHxNcDNWBv6CWjj3-0V3dFMhjM1cy14d0Lm4j0IyRLm9bHM3s0ssVDd20gjWyar-D0o6guJIrteEC7UGR-w1yvXoGuIwdfZeoSAZ_CU9FrOJfQCTDs2aLgdCNeYKXg0Rt8YZL_elZnG7utCkO78TwxbGqear_I-1dlO39CUlo13YSS6pPonioWqkzXcXh93G7BYjgUxcPJ31kLyr2wBRA4OObAYRvh-5V3TkULlmwR4Q0pV3cUeOLI94b4WhaDZDI_RIJiCXQvtGy190NqTBeVogPrrAXLFkK0E013GByHrmzZoELfSUorjK-bDk4wXxdbVqzY7KXP-NEt3Bu-woinbUf56i3DXLrYlwINYK39VUydGpcQLZ5EDCL4u_IL_iFPt0"",""signature"":""lCZbbxlYG5TLc2OO6dSjnDIMA4Zf3wp2B3gUUfxuPRruYWZ7PwEsjcQ5KPx3KWjlY8MIa16igKfsni4okn3WS__XVCDiMQ5ChxMRurPVDPq5n5Bmjbl_yVa5lHUstjcU5mp0HqaDFU8LDQNy9WyvYy-xdNr7v4zW115swRcesij63kq5rFtKLhe34lEwuMXgyju8rApST_9a6YB4I77T0cIYRLH02zJDD43ieqbrHX4vq79tLcoPGgntPuOwohuJ9tEflSplZTs8pQ8yUGxyAUVC_MarNFuX51mbbyLunZtB6_8682_ietN2eJnWUkyvBak8fym5NwEbs-20xEEm_ko83afFIBlNEn4C91EBD-0y_4GUF2AjEyZYMsUlthQBU2WiZ46fD71M6hDz0etZQ2pOIg2A9VrpE3un5DdJ-ng8rHoWzpspBZwp-DUg5peiMPqu1X1IkDumtO0u2pD0T1pnIQ3ZfQ4dVhYxETHY38j4UNwqwe0qda69KOxbvqKOXc0djF2zDRsQnOEAw4j96xNsoKTBkmRuCVHi6IZl6o2AjTgbephmQaW1sYnbqChS3yjfXhZffpkI7DgDJNt8ixX4MSHKgWQ7Ia_jSpE_vVJvR68E3cILo0Qscdb-RtMN4xz1RPnVwy5paSiIvt26v18cGbjUNe4xtLcvHl50KK0"",""timestamp"":1701796369522,""validatorSignatures"":[],""version"":""1.0.0""}"
search-icon.svg,DxxnE6PiJYU6yAamu_64bTd-KFUTs7lnUgrgDQzCchs,"{""id"":""DxxnE6PiJYU6yAamu_64bTd-KFUTs7lnUgrgDQzCchs"",""block"":1320367,""deadlineHeight"":1320367,""public"":""pGFsvdSB9sxbwU5L4HD2v12DK40kzZ5N69s6WlI3Uw9pFdHMHei3n1Tv4jvZqU9yeIMGsS60MQRvfJK1AEoNYsQqk4Rciajw0_IemZdwlt4u4voDALRalrQ3NV4knOlHRY11anqV0fNhikWCsiRPukIRZrdcFfqzFr0boH8bou7DgESNvWxROOxSC149oKxJ06FQsBDaIeElBsR8qTddybvXqMagXCM9y_HNrtAoz_8LgPjQtK5LFEbXhh9PyI_GOuoHyzJUc9Sm-V9kCB4kTm-SHrPbETQnvejZBcqEHxNcDNWBv6CWjj3-0V3dFMhjM1cy14d0Lm4j0IyRLm9bHM3s0ssVDd20gjWyar-D0o6guJIrteEC7UGR-w1yvXoGuIwdfZeoSAZ_CU9FrOJfQCTDs2aLgdCNeYKXg0Rt8YZL_elZnG7utCkO78TwxbGqear_I-1dlO39CUlo13YSS6pPonioWqkzXcXh93G7BYjgUxcPJ31kLyr2wBRA4OObAYRvh-5V3TkULlmwR4Q0pV3cUeOLI94b4WhaDZDI_RIJiCXQvtGy190NqTBeVogPrrAXLFkK0E013GByHrmzZoELfSUorjK-bDk4wXxdbVqzY7KXP-NEt3Bu-woinbUf56i3DXLrYlwINYK39VUydGpcQLZ5EDCL4u_IL_iFPt0"",""signature"":""EI66jtQi1Bjtf_ciUzp5BvUOHpBGTN46CJi6hagxjpPDKA2O0PGuVPNy5j-hvQ5uSxZIjDIU5mCrqFgStp7ZGcs70rfR7zoKHV9lUXtD4seFpLQSYTWtz2pAauFztnHl5hul_pZ260hOeiSol-BndpKgJW6BU4jxtVsuZ1Sghun8XaqGrnRvrfu7KpzeW0xwzs2DJdxtYdO5kZ_nMpBLjw43RQRCBvHzdj8K8qVXhgXNJEwCBqRq6EdWyEktZKgRnxcAqzBel6kzbIoNMxGGpAgqtHjxoPx-T83MAv9G7mFpCDdUKgZ5jA_WWoE3BjNxeHQ-64BZEgehVVl7duqwDGZp0ydB4dJE82spxtbUP9DcA49BvEKYBoFFrRoxYRXsuilYNEIryz-a9Vs8O1_Iyx0BntQY2uQdaKccWg8nVYC-y8d-AKPgVjPubnOY_OE_y1XbhEN5r-bgAXdrpMeq0WBV_swufn9-V8Xz_i8yjUuUs2KiR5_KIzK903dvq9n45bAITMzWokssSsxs4mmiyqdatlyi18PQbZ_A8p7JrQrWWBjoafX7NpArqwfDqg8lhKA-Nc2ciC6wzr-lk9B-qZ4qaKRHRR_Hslk-axZDjzB1C7TwO0c795kIkmcvetf4tzuD5OwCvKIVTkkRxzxE9ITb6RVaFbwk9_kG2hd6H4A"",""timestamp"":1701796369549,""validatorSignatures"":[],""version"":""1.0.0""}"
warning-icon.svg,yilvl8iy8QgPVi8a7_S0HSc8YncGDzs3jEfbyT4cOts,"{""id"":""yilvl8iy8QgPVi8a7_S0HSc8YncGDzs3jEfbyT4cOts"",""block"":1320367,""deadlineHeight"":1320367,""public"":""pGFsvdSB9sxbwU5L4HD2v12DK40kzZ5N69s6WlI3Uw9pFdHMHei3n1Tv4jvZqU9yeIMGsS60MQRvfJK1AEoNYsQqk4Rciajw0_IemZdwlt4u4voDALRalrQ3NV4knOlHRY11anqV0fNhikWCsiRPukIRZrdcFfqzFr0boH8bou7DgESNvWxROOxSC149oKxJ06FQsBDaIeElBsR8qTddybvXqMagXCM9y_HNrtAoz_8LgPjQtK5LFEbXhh9PyI_GOuoHyzJUc9Sm-V9kCB4kTm-SHrPbETQnvejZBcqEHxNcDNWBv6CWjj3-0V3dFMhjM1cy14d0Lm4j0IyRLm9bHM3s0ssVDd20gjWyar-D0o6guJIrteEC7UGR-w1yvXoGuIwdfZeoSAZ_CU9FrOJfQCTDs2aLgdCNeYKXg0Rt8YZL_elZnG7utCkO78TwxbGqear_I-1dlO39CUlo13YSS6pPonioWqkzXcXh93G7BYjgUxcPJ31kLyr2wBRA4OObAYRvh-5V3TkULlmwR4Q0pV3cUeOLI94b4WhaDZDI_RIJiCXQvtGy190NqTBeVogPrrAXLFkK0E013GByHrmzZoELfSUorjK-bDk4wXxdbVqzY7KXP-NEt3Bu-woinbUf56i3DXLrYlwINYK39VUydGpcQLZ5EDCL4u_IL_iFPt0"",""signature"":""fBzzduP7UZhRkKGSNGw2ghZ0jgSh68hpnORNgpUwlUsuK96l9gC9VoQa0LvG0PtjFZxSLFOzDFcN_VBgXyMh_yTB-0WZvDhapl3gf6faUoSx7kxviQnmvLB2Y1dVg00Zh9QSWW-Sfc0nceycYEkO6WVQ7iVrUnyHCIOPiBwDXYqHlqagBhMVd-Sow9UK_jUlNfQ8H4R8e3T0B6_7haphmAIg3kw424L7mPCJeu6dACkAOa7UaKT7AalZmWBm3tdcr-bzfnEefEp0mZ_5axR_TRdu2bUukYwDb94av5DrNH510AJtG_n7d-R8LFq7xbSVZNxMOQYHTAVA5FVx5W2ZbZN-_-Y8xefvFYLLdtW7JDnGWKUBUxfpSS2Lycu9VVYIagRepDh63aCvo4DyhHztKb5im3-gdM3zJpTVHMvTQPWYNbDYfkfCftASXUzH5wI_1XFUvoGudIx0MY7izLfjdjcOusZ28prTkRnDPKcbJpc4fajsCsTz93x8x6G_2zOcCkxTj4aN9_-7PM5LeuA7GJaLyAjxoWlF5PKP2laBqlYlOd6RDyWBliVFX3cU6HBoII52ejzUFMTN8jJEfT6QJK6x7o2r6zPNRMntZllN_cgtykVUU2IushnL-3i_3EitfQgbVchq7bE5H9b0SSvzw7HTiUB_b2xW1dJE4SpUMgM"",""timestamp"":1701796369567,""validatorSignatures"":[],""version"":""1.0.0""}"
fair-protocol-outline.svg,6TGIUfoXhQxt4r6sCGAP20kuKinn36oUg4Xidfuv6y8,"{""id"":""6TGIUfoXhQxt4r6sCGAP20kuKinn36oUg4Xidfuv6y8"",""block"":1320367,""deadlineHeight"":1320367,""public"":""pGFsvdSB9sxbwU5L4HD2v12DK40kzZ5N69s6WlI3Uw9pFdHMHei3n1Tv4jvZqU9yeIMGsS60MQRvfJK1AEoNYsQqk4Rciajw0_IemZdwlt4u4voDALRalrQ3NV4knOlHRY11anqV0fNhikWCsiRPukIRZrdcFfqzFr0boH8bou7DgESNvWxROOxSC149oKxJ06FQsBDaIeElBsR8qTddybvXqMagXCM9y_HNrtAoz_8LgPjQtK5LFEbXhh9PyI_GOuoHyzJUc9Sm-V9kCB4kTm-SHrPbETQnvejZBcqEHxNcDNWBv6CWjj3-0V3dFMhjM1cy14d0Lm4j0IyRLm9bHM3s0ssVDd20gjWyar-D0o6guJIrteEC7UGR-w1yvXoGuIwdfZeoSAZ_CU9FrOJfQCTDs2aLgdCNeYKXg0Rt8YZL_elZnG7utCkO78TwxbGqear_I-1dlO39CUlo13YSS6pPonioWqkzXcXh93G7BYjgUxcPJ31kLyr2wBRA4OObAYRvh-5V3TkULlmwR4Q0pV3cUeOLI94b4WhaDZDI_RIJiCXQvtGy190NqTBeVogPrrAXLFkK0E013GByHrmzZoELfSUorjK-bDk4wXxdbVqzY7KXP-NEt3Bu-woinbUf56i3DXLrYlwINYK39VUydGpcQLZ5EDCL4u_IL_iFPt0"",""signature"":""TGw50eM-qTqMQQQzEpKc1iItnuD7NVlgC0dIbBIe44r7C93UvBNXcDPxnt2KJ8row50wEr_TqV7Aa5TqvLw4w1OeZA0KasUsD0Pn7OB5r1Pm8fZ0ci5OjFqGy0iDVaYraz8IGGCnf41x0DkZ4BIEYk1AYsYqu8-aO-X25OhgS5cTnqfa-mRgY7g5UlZW-NOYko3vwdvWcQyBBOHPW5WTpxGvF1kCPY8thzv9-b0XgviWuRo6j_bGL_Tc6mJd6DQDNyO3fTXw4ggcuAftS1t8Z5h6OzosfLXlj8-3SMUunu_5nVvisUX6VW7cbvueyYkoUNiX7v0FcUqbX9VpwECtbrCbn_QLODbXZ9YIvphLxBJMXhxNut2KBJ6Px5_ITtcQHx-FDA20eNtV2TJRQ0OWrfI33qBvvzj2eZ0K9fwnW1s9jbj0p9tyaINOBw5lrt92tjurcq-lGR0WFLxcGHX6p5bjt41o5MxfSNkiv3JkWzTwSbW0DkAVQCGsvLHtLF9dqZUc-1CaJZmu5jYUFS7-aJungfBgXgTrJqDsRcJDgNAL--UU-XQvBNbuz-_ECV1qouHI_v7510dTMI6Lu3sKI-5ianL5yDXvOljNN-LdmasEj-8NR2Xc_BLWi5_4awWbK79PkzPyc3kVnAsELS7Bk7q7z6ivJxsiW0qTDvnsBBk"",""timestamp"":1701796369574,""validatorSignatures"":[],""version"":""1.0.0""}"
assets/index-c4de1e91.css,uCdbN5sopsL6XnDEuvSWm6aHkEAvJ9A7YS6p8CcSogw,"{""id"":""uCdbN5sopsL6XnDEuvSWm6aHkEAvJ9A7YS6p8CcSogw"",""block"":1320367,""deadlineHeight"":1320367,""public"":""pGFsvdSB9sxbwU5L4HD2v12DK40kzZ5N69s6WlI3Uw9pFdHMHei3n1Tv4jvZqU9yeIMGsS60MQRvfJK1AEoNYsQqk4Rciajw0_IemZdwlt4u4voDALRalrQ3NV4knOlHRY11anqV0fNhikWCsiRPukIRZrdcFfqzFr0boH8bou7DgESNvWxROOxSC149oKxJ06FQsBDaIeElBsR8qTddybvXqMagXCM9y_HNrtAoz_8LgPjQtK5LFEbXhh9PyI_GOuoHyzJUc9Sm-V9kCB4kTm-SHrPbETQnvejZBcqEHxNcDNWBv6CWjj3-0V3dFMhjM1cy14d0Lm4j0IyRLm9bHM3s0ssVDd20gjWyar-D0o6guJIrteEC7UGR-w1yvXoGuIwdfZeoSAZ_CU9FrOJfQCTDs2aLgdCNeYKXg0Rt8YZL_elZnG7utCkO78TwxbGqear_I-1dlO39CUlo13YSS6pPonioWqkzXcXh93G7BYjgUxcPJ31kLyr2wBRA4OObAYRvh-5V3TkULlmwR4Q0pV3cUeOLI94b4WhaDZDI_RIJiCXQvtGy190NqTBeVogPrrAXLFkK0E013GByHrmzZoELfSUorjK-bDk4wXxdbVqzY7KXP-NEt3Bu-woinbUf56i3DXLrYlwINYK39VUydGpcQLZ5EDCL4u_IL_iFPt0"",""signature"":""RqjVW28M8a2pgWGpYkxO0pmw9NATX0Dfs3h41oFJYkyDfQDpy2rllK7oJXoaUa3ZQ_EcKrSJ0vi_rYzfpCw_v9LKIuuTPX14t2sNdqPdmRbszG3eYEcsBghHUBS7z2OC2jYM6VHTrt6LDT9e-Hg7-DbWbwcblo6OgpSocLDT_adLOq1KJC6spCeg9JvFmjRIRWHUy_uCuYZhBEPqKxk5kIsLYeQDvK7hIY1ZGrQ37NrR-9n1RMCprR8XE-GaEyP0uPgb2BPANHQzO82yeOP0TTFU27gr14ccuIT07-PjZJx1S5dO6nv9WCIDOxIZAaz399t8u1_dD7f23o9J32-8fAggOqFB4E18B2yD9fWHJ-oA_VeVcQYekV4YwxoFfaS4lG1DmgxVYV0gOzb8xBwCgObYKurPo-n9U81igr5gelri0vhpDaI6jb5mF_Kt0fCFASaSkkOjCW7R7JvoLE_Kv57_ziez9ed1J9jtN87rYwQYqw8dg9nIaJiayRCwG2-1qz-EPW85XcP1khc1LenNfhcKL63wyquDr2ikH4I_HyFkwQVaOf6nX7sGB0fe0XlKnmLvgCQrOh3KbEryb3UyX4nN6oCZBKA91taDKRbnDzNuBhZuaY0ep-xzpgnL9xK8pTrduQ8O7bvYlw8t0iZ--iiZlxshGW7tGOejwtMXsDA"",""timestamp"":1701796369844,""validatorSignatures"":[],""version"":""1.0.0""}"
arweave-logo-for-light.png,ENGQpYggqgzodEZuDyETN33Y7M89AlXIeO25222qGfg,"{""id"":""ENGQpYggqgzodEZuDyETN33Y7M89AlXIeO25222qGfg"",""block"":1320367,""deadlineHeight"":1320367,""public"":""pGFsvdSB9sxbwU5L4HD2v12DK40kzZ5N69s6WlI3Uw9pFdHMHei3n1Tv4jvZqU9yeIMGsS60MQRvfJK1AEoNYsQqk4Rciajw0_IemZdwlt4u4voDALRalrQ3NV4knOlHRY11anqV0fNhikWCsiRPukIRZrdcFfqzFr0boH8bou7DgESNvWxROOxSC149oKxJ06FQsBDaIeElBsR8qTddybvXqMagXCM9y_HNrtAoz_8LgPjQtK5LFEbXhh9PyI_GOuoHyzJUc9Sm-V9kCB4kTm-SHrPbETQnvejZBcqEHxNcDNWBv6CWjj3-0V3dFMhjM1cy14d0Lm4j0IyRLm9bHM3s0ssVDd20gjWyar-D0o6guJIrteEC7UGR-w1yvXoGuIwdfZeoSAZ_CU9FrOJfQCTDs2aLgdCNeYKXg0Rt8YZL_elZnG7utCkO78TwxbGqear_I-1dlO39CUlo13YSS6pPonioWqkzXcXh93G7BYjgUxcPJ31kLyr2wBRA4OObAYRvh-5V3TkULlmwR4Q0pV3cUeOLI94b4WhaDZDI_RIJiCXQvtGy190NqTBeVogPrrAXLFkK0E013GByHrmzZoELfSUorjK-bDk4wXxdbVqzY7KXP-NEt3Bu-woinbUf56i3DXLrYlwINYK39VUydGpcQLZ5EDCL4u_IL_iFPt0"",""signature"":""GOXM_XXWOkXv-gSLq_YTUb3vN7lm5XaPHqlRF8Ca2wCpyEA9DBVl2_bNSw88E6Lm7qvlHRageGUXzTZ_jAAJFivLvSFA9pOqMdQTvHck7VWxwlaWV3p2rFL03xLW9JEdBP5tDCgKgNHcFWdFZqjyI_LjiL_0SudK16O0UMOSH8U1hvSxg471kyWVGCX5MBmj_ID6U3ijfM2rpAjAAObkS-6ztOD5n8yPBEvOotAaA3pO25e-riqYXpqpg_KLUooS78FfQj7SRzrwbz2NBMGpAbuKDbJKYRNU-vz2y1GaciJBoqiKNKi_zkEoou-lhqr2XHG1oiSmWbjltMmPSPv7Yryx87HpfbtMB7n6hVw0hF0dGRgEb8sSdnyuB2YLnAZDxVxQX72VhHUuliO0Sly-3e1TJi7k73vZYUYQEYl33v5VWyRDpCBLL6tekO20yC5AtYPU9_LpvVT38mpwMwiwlItkEaz8m1MHfTtlJxlqP1pDLQ0AVwMmzM8jdjNJrrCbZth0DH4vTcboG6xAgVSQ7UQQ1SgxSm3WsGw8fC8qoP8-dTJYWQNTgkrA9GRSJBrcUqM6oaCZmw1-XzUO4tgHTh7mLoNz6PzCYKFIiopneEaH4S3t7y7XW7moAFKyvrgXS-f0nHwEECnlRu-46G32etdnwckpD6YjxbkOtZxLKY4"",""timestamp"":1701796370052,""validatorSignatures"":[],""version"":""1.0.0""}"
assets/index-1c90837d.js,FzrSqf8U4eGQIxxfZlXVzbDeeLMpgcaXSoPJBfUVzqs,"{""id"":""FzrSqf8U4eGQIxxfZlXVzbDeeLMpgcaXSoPJBfUVzqs"",""block"":1320367,""deadlineHeight"":1320367,""public"":""pGFsvdSB9sxbwU5L4HD2v12DK40kzZ5N69s6WlI3Uw9pFdHMHei3n1Tv4jvZqU9yeIMGsS60MQRvfJK1AEoNYsQqk4Rciajw0_IemZdwlt4u4voDALRalrQ3NV4knOlHRY11anqV0fNhikWCsiRPukIRZrdcFfqzFr0boH8bou7DgESNvWxROOxSC149oKxJ06FQsBDaIeElBsR8qTddybvXqMagXCM9y_HNrtAoz_8LgPjQtK5LFEbXhh9PyI_GOuoHyzJUc9Sm-V9kCB4kTm-SHrPbETQnvejZBcqEHxNcDNWBv6CWjj3-0V3dFMhjM1cy14d0Lm4j0IyRLm9bHM3s0ssVDd20gjWyar-D0o6guJIrteEC7UGR-w1yvXoGuIwdfZeoSAZ_CU9FrOJfQCTDs2aLgdCNeYKXg0Rt8YZL_elZnG7utCkO78TwxbGqear_I-1dlO39CUlo13YSS6pPonioWqkzXcXh93G7BYjgUxcPJ31kLyr2wBRA4OObAYRvh-5V3TkULlmwR4Q0pV3cUeOLI94b4WhaDZDI_RIJiCXQvtGy190NqTBeVogPrrAXLFkK0E013GByHrmzZoELfSUorjK-bDk4wXxdbVqzY7KXP-NEt3Bu-woinbUf56i3DXLrYlwINYK39VUydGpcQLZ5EDCL4u_IL_iFPt0"",""signature"":""SBjUSsk2_PtHkZ0wT1glic_DV5S1YN4pY2sb7ZEhx598XtN1aEDJ7BPG58IeaNnoaghJ22000hq6hdtLrucU3xaWYx1hlrwnHMLGegEKGiuBEQB3797ifrmXFL1ygLSJUQyBhI8d7bYXY1ABHaa4Lg0_Enxw_MW_52Ikdho4bqF7PaWgzSK2ohQot2XpluclpwI8PxhGfi3Q-hTdQd7hhxAELZwp1qm2tlB5zrctSubBO9QFF7YWO1qwDHdOZXI9e4tq-tUDOUdWBJEz4qu26mXaiVF6XLjbU5q7ABjPmsQV6Mx-EYzBL6SrUlt0EhDAMPH1CUzS8N2cSRfX2kQbkUBWc7q7K3R3ArkJCnvrKem5rMwkLS3eQ7bdwACZfujgqt6Qqddl5INpvYc-kPVOLUX5XfADoDQJpM6RP3C4q9dNniFbs-LkmVpK8aa0kOO757M4_C0VrSoQxXiDYjCRdliVClUw708h5MHtVGukA642Uci8sOaUfnB-ovapVwj6GevSSC1v7Jj7m2XqOoNeL6kSD8WBW56YGeVol57Q8KFWbcluukf46XBR-gzu14t3S8DZbKjO1bk4pbzV-hvzuHt0lOWMXMqtE2XuhssrJG-9ennI2QCAyTbTJbgHpoYbZmfFk3vmr8uWS36LC3Ckttkl2KXHUKt4RvYOHnsYku4"",""timestamp"":1701796372928,""validatorSignatures"":[],""version"":""1.0.0""}"
